yearID,franchID,R,RAA,O,O_nonK,SO,X1B,X2B,X3B,HR,BB,HBP,SB,CS
2000,ANA,864,125.32941176470592,4054,3030.0,1024.0,995,309,34,236,608,47.0,93.0,52.0
2000,ARI,792,53.329411764705924,4061,3086.0,975.0,961,282,44,179,535,59.0,97.0,44.0
2000,ATL,810,71.32941176470592,3999,2989.0,1010.0,1011,274,26,179,595,59.0,148.0,56.0
2000,BAL,794,55.329411764705924,4041,3141.0,900.0,992,310,22,184,558,49.0,126.0,65.0
2000,BOS,792,53.329411764705924,4127,3108.0,1019.0,988,316,32,167,611,42.0,43.0,30.0
2000,CHW,978,239.32941176470592,4031,3071.0,960.0,1041,325,33,216,591,53.0,119.0,42.0
2000,CHC,764,25.329411764705924,4151,3031.0,1120.0,948,272,23,183,632,54.0,93.0,37.0
2000,CIN,825,86.32941176470592,4090,3095.0,995.0,1007,302,36,200,559,64.0,100.0,38.0
2000,CLE,950,211.32941176470592,4044,2987.0,1057.0,1078,310,30,221,685,51.0,113.0,34.0
2000,COL,968,229.32941176470592,3996,3089.0,907.0,1130,320,53,161,601,42.0,131.0,61.0
2000,DET,823,84.32941176470592,4091,3109.0,982.0,1028,307,41,177,562,43.0,83.0,38.0
2000,FLA,731,-7.670588235294076,4068,2884.0,1184.0,978,274,29,160,540,60.0,168.0,55.0
2000,HOU,938,199.32941176470592,4023,2894.0,1129.0,973,289,36,249,673,83.0,114.0,52.0
2000,KCR,879,140.32941176470592,4065,3225.0,840.0,1186,281,27,150,511,48.0,121.0,35.0
2000,LAD,798,59.329411764705924,4073,2990.0,1083.0,904,265,28,211,668,51.0,95.0,42.0
2000,MIL,740,1.3294117647059238,4197,2952.0,1245.0,867,297,25,177,620,61.0,72.0,44.0
2000,MIN,748,9.329411764705924,4099,3078.0,1021.0,1026,325,49,116,556,35.0,90.0,45.0
2000,WSN,738,-0.6705882352940762,4060,3012.0,1048.0,952,310,35,178,476,29.0,58.0,48.0
2000,NYY,871,132.32941176470592,4015,3008.0,1007.0,1017,294,25,205,631,57.0,99.0,48.0
2000,NYM,807,68.32941176470592,4041,3004.0,1037.0,946,281,20,198,675,45.0,66.0,46.0
2000,OAK,947,208.32941176470592,4059,2900.0,1159.0,958,281,23,239,750,52.0,40.0,15.0
2000,PHI,708,-30.67058823529408,4125,3008.0,1117.0,898,304,40,144,611,44.0,102.0,30.0
2000,PIT,793,54.329411764705924,4137,3105.0,1032.0,987,320,31,168,564,66.0,86.0,40.0
2000,SDP,752,13.329411764705926,4147,2970.0,1177.0,940,279,37,157,602,46.0,131.0,53.0
2000,SEA,907,168.3294117647059,4016,2943.0,1073.0,957,300,26,198,775,48.0,122.0,56.0
2000,SFG,925,186.32941176470592,3984,2952.0,1032.0,961,304,44,226,709,51.0,79.0,39.0
2000,STL,887,148.3294117647059,3997,2744.0,1253.0,962,259,25,235,675,84.0,87.0,51.0
2000,TBD,733,-5.670588235294076,4091,3069.0,1022.0,977,253,22,162,558,51.0,90.0,46.0
2000,TEX,848,109.32941176470592,4047,3125.0,922.0,1063,330,35,173,580,39.0,69.0,47.0
2000,TOR,861,122.32941176470592,4115,3089.0,1026.0,969,328,21,244,526,60.0,89.0,34.0
2001,ANA,691,-47.670588235294076,4104,3103.0,1001.0,988,275,26,158,494,77.0,116.0,52.0
2001,ARI,818,79.32941176470592,4101,3049.0,1052.0,967,284,35,208,587,57.0,71.0,38.0
2001,ATL,729,-9.670588235294076,4066,3027.0,1039.0,971,263,24,174,493,45.0,85.0,46.0
2001,BAL,687,-51.670588235294076,4113,3124.0,989.0,937,262,24,136,514,77.0,133.0,53.0
2001,BOS,772,33.329411764705924,4112,2981.0,1131.0,950,316,29,198,520,70.0,46.0,35.0
2001,CHW,798,59.329411764705924,4001,3003.0,998.0,920,300,29,214,520,52.0,123.0,59.0
2001,CHC,777,38.32941176470592,3997,2920.0,1077.0,915,268,32,194,577,66.0,67.0,36.0
2001,CIN,735,-3.670588235294076,4119,2947.0,1172.0,962,304,22,176,468,65.0,103.0,54.0
2001,CLE,897,158.3294117647059,4041,2965.0,1076.0,1016,294,37,212,577,69.0,79.0,41.0
2001,COL,923,184.32941176470592,4027,3000.0,1027.0,1065,324,61,213,511,61.0,132.0,54.0
2001,DET,724,-14.670588235294074,4098,3126.0,972.0,949,291,60,139,466,51.0,133.0,61.0
2001,FLA,742,3.329411764705924,4081,2936.0,1145.0,940,325,30,166,470,67.0,89.0,40.0
2001,HOU,847,108.32941176470592,4028,2909.0,1119.0,950,313,29,208,581,89.0,64.0,49.0
2001,KCR,729,-9.670588235294076,4140,3242.0,898.0,1037,277,37,152,406,44.0,100.0,42.0
2001,LAD,758,19.329411764705924,4094,3032.0,1062.0,902,264,27,206,519,56.0,89.0,42.0
2001,MIL,740,1.3294117647059238,4110,2711.0,1399.0,866,273,30,209,488,72.0,66.0,36.0
2001,MIN,771,32.329411764705924,4046,2963.0,1083.0,984,328,38,164,495,64.0,146.0,67.0
2001,WSN,670,-68.67058823529408,4018,2947.0,1071.0,882,320,28,131,478,60.0,101.0,51.0
2001,NYY,804,65.32941176470592,4089,3054.0,1035.0,976,289,20,203,519,64.0,161.0,53.0
2001,NYM,642,-96.67058823529408,4098,3036.0,1062.0,923,273,18,147,545,65.0,66.0,48.0
2001,OAK,884,145.3294117647059,4104,3083.0,1021.0,914,334,22,199,640,88.0,68.0,29.0
2001,PHI,746,7.329411764705924,4066,2941.0,1125.0,943,295,29,164,551,43.0,153.0,47.0
2001,PIT,657,-81.67058823529408,4065,2959.0,1106.0,891,256,25,161,467,67.0,93.0,73.0
2001,SDP,789,50.329411764705924,4103,2830.0,1273.0,919,273,26,161,678,41.0,129.0,44.0
2001,SEA,927,188.32941176470592,4043,3054.0,989.0,1120,310,38,169,614,62.0,174.0,42.0
2001,SFG,799,60.329411764705924,4119,3029.0,1090.0,914,304,40,235,625,50.0,57.0,42.0
2001,STL,814,75.32941176470592,3981,2892.0,1089.0,964,274,32,199,529,65.0,91.0,35.0
2001,TBD,672,-66.67058823529408,4098,2982.0,1116.0,973,311,21,121,456,54.0,115.0,52.0
2001,TEX,890,151.3294117647059,4119,3026.0,1093.0,971,326,23,246,548,75.0,97.0,32.0
2001,TOR,767,28.329411764705924,4174,3080.0,1094.0,971,287,36,195,470,74.0,156.0,55.0
2002,ANA,851,112.32941176470592,4075,3270.0,805.0,1086,333,32,152,462,74.0,117.0,51.0
2002,ARI,819,80.32941176470592,4037,3021.0,1016.0,982,283,41,165,643,50.0,92.0,46.0
2002,ATL,708,-30.67058823529408,4067,3039.0,1028.0,959,280,25,164,558,54.0,76.0,39.0
2002,BAL,667,-71.67058823529408,4138,3145.0,993.0,850,311,27,165,452,64.0,110.0,48.0
2002,BOS,859,120.32941176470592,4080,3136.0,944.0,1002,348,33,177,545,72.0,80.0,28.0
2002,CHW,856,117.32941176470592,4027,3075.0,952.0,940,289,29,217,555,49.0,75.0,31.0
2002,CHC,706,-32.67058823529408,4145,2876.0,1269.0,863,259,29,200,585,44.0,63.0,21.0
2002,CIN,709,-29.67058823529408,4084,2896.0,1188.0,899,297,21,169,583,66.0,116.0,52.0
2002,CLE,739,0.3294117647059238,4074,3074.0,1000.0,876,255,26,192,542,56.0,52.0,37.0
2002,COL,778,39.32941176470592,4004,2961.0,1043.0,1032,283,41,152,497,56.0,103.0,53.0
2002,DET,575,-163.6705882352941,4066,3031.0,1035.0,914,265,37,124,363,64.0,65.0,44.0
2002,FLA,699,-39.67058823529408,4063,2933.0,1130.0,975,280,32,146,595,61.0,177.0,73.0
2002,HOU,749,10.329411764705924,4062,2942.0,1120.0,951,291,32,167,589,59.0,71.0,27.0
2002,KCR,737,-1.6705882352940762,4120,3199.0,921.0,948,285,42,140,524,52.0,140.0,65.0
2002,LAD,713,-25.67058823529408,4090,3150.0,940.0,994,286,29,155,428,53.0,96.0,37.0
2002,MIL,627,-111.67058823529408,4046,2921.0,1125.0,932,269,29,139,500,55.0,94.0,50.0
2002,MIN,768,29.329411764705924,4064,2975.0,1089.0,967,348,36,167,472,56.0,79.0,62.0
2002,WSN,735,-3.670588235294076,4047,2943.0,1104.0,934,300,36,162,575,46.0,118.0,64.0
2002,NYY,897,158.3294117647059,4061,2890.0,1171.0,991,314,12,223,640,72.0,100.0,38.0
2002,NYM,690,-48.670588235294076,4087,3043.0,1044.0,989,238,22,160,486,63.0,87.0,42.0
2002,OAK,800,61.329411764705924,4108,3100.0,1008.0,938,279,28,205,609,68.0,46.0,20.0
2002,PHI,710,-28.67058823529408,4095,3000.0,1095.0,897,325,41,165,640,53.0,104.0,43.0
2002,PIT,641,-97.67058823529408,4030,2921.0,1109.0,875,263,20,142,537,73.0,86.0,49.0
2002,SDP,662,-76.67058823529408,4122,3060.0,1062.0,985,243,29,136,547,30.0,71.0,44.0
2002,SEA,814,75.32941176470592,4038,3035.0,1003.0,1063,285,31,152,629,51.0,137.0,58.0
2002,SFG,783,44.329411764705924,4032,3071.0,961.0,932,300,35,198,616,65.0,74.0,21.0
2002,STL,787,48.329411764705924,4030,3103.0,927.0,989,285,26,175,542,67.0,86.0,42.0
2002,TBD,673,-65.67058823529408,4186,3071.0,1115.0,953,297,35,133,456,58.0,102.0,45.0
2002,TEX,843,104.32941176470592,4108,3053.0,1055.0,949,304,27,230,554,62.0,62.0,34.0
2002,TOR,813,74.32941176470592,4124,2982.0,1142.0,927,305,38,187,522,53.0,71.0,18.0
2003,ANA,736,-2.670588235294076,4014,3176.0,838.0,1014,276,33,150,476,56.0,129.0,61.0
2003,ARI,717,-21.67058823529408,4103,3097.0,1006.0,965,303,47,152,531,45.0,76.0,38.0
2003,ATL,907,168.3294117647059,4062,3129.0,933.0,1021,321,31,235,545,49.0,68.0,22.0
2003,BAL,743,4.329411764705924,4149,3247.0,902.0,1063,277,24,152,431,54.0,89.0,36.0
2003,BOS,961,222.32941176470592,4102,3159.0,943.0,1018,371,40,238,620,53.0,88.0,35.0
2003,CHW,791,52.329411764705924,4042,3126.0,916.0,903,303,19,220,519,58.0,77.0,29.0
2003,CHC,724,-14.670588235294074,4088,2930.0,1158.0,933,302,24,172,492,50.0,73.0,31.0
2003,CIN,694,-44.670588235294076,4160,2834.0,1326.0,907,239,21,182,524,79.0,80.0,34.0
2003,CLE,699,-39.67058823529408,4159,3097.0,1062.0,933,296,26,158,466,62.0,86.0,61.0
2003,COL,853,114.32941176470592,4046,2912.0,1134.0,913,330,31,198,619,52.0,63.0,37.0
2003,DET,591,-147.6705882352941,4154,3055.0,1099.0,919,201,39,153,443,47.0,98.0,63.0
2003,FLA,751,12.329411764705926,4031,3053.0,978.0,966,292,44,157,515,57.0,150.0,74.0
2003,HOU,805,66.32941176470592,4117,3096.0,1021.0,937,308,30,191,557,81.0,66.0,30.0
2003,KCR,836,97.32941176470592,4042,3116.0,926.0,1037,288,39,162,476,75.0,120.0,42.0
2003,LAD,574,-164.6705882352941,4130,3145.0,985.0,919,260,25,124,407,72.0,80.0,36.0
2003,MIL,714,-24.67058823529408,4125,2904.0,1221.0,937,266,24,196,547,71.0,99.0,39.0
2003,MIN,801,62.329411764705924,4088,3061.0,1027.0,1049,318,45,155,512,63.0,94.0,44.0
2003,WSN,711,-27.67058823529408,4033,3043.0,990.0,941,294,25,144,522,45.0,100.0,39.0
2003,NYY,877,138.32941176470592,4087,3045.0,1042.0,970,304,14,230,684,81.0,98.0,33.0
2003,NYM,642,-96.67058823529408,4024,2989.0,1035.0,907,262,24,124,489,54.0,70.0,31.0
2003,OAK,768,29.329411764705924,4099,3201.0,898.0,881,317,24,176,556,59.0,48.0,14.0
2003,PHI,791,52.329411764705924,4095,2940.0,1155.0,930,325,27,166,651,55.0,72.0,29.0
2003,PIT,753,14.329411764705926,4089,3040.0,1049.0,1009,275,45,163,529,87.0,86.0,37.0
2003,SDP,678,-60.670588235294076,4089,3016.0,1073.0,1025,257,32,128,565,57.0,76.0,39.0
2003,SEA,795,56.329411764705924,4052,3063.0,989.0,1047,290,33,139,586,53.0,108.0,37.0
2003,SFG,755,16.329411764705924,4016,3036.0,980.0,950,281,29,180,593,40.0,53.0,37.0
2003,STL,876,137.32941176470592,4092,3140.0,952.0,1010,342,32,196,580,73.0,82.0,32.0
2003,TBD,715,-23.67058823529408,4153,3123.0,1030.0,1028,298,38,137,420,56.0,142.0,42.0
2003,TEX,826,87.32941176470592,4158,3106.0,1052.0,957,274,36,239,488,75.0,65.0,25.0
2003,TOR,894,155.3294117647059,4081,3000.0,1081.0,1000,357,33,190,546,90.0,37.0,25.0
2004,ANA,836,97.32941176470592,4072,3130.0,942.0,1132,272,37,162,450,73.0,143.0,46.0
2004,ARI,615,-123.67058823529408,4143,3121.0,1022.0,933,295,38,135,441,35.0,53.0,32.0
2004,ATL,803,64.32941176470592,4067,2909.0,1158.0,984,304,37,178,587,59.0,86.0,32.0
2004,BAL,842,103.32941176470592,4122,3173.0,949.0,1108,319,18,169,528,57.0,101.0,41.0
2004,BOS,949,210.32941176470592,4107,2918.0,1189.0,993,373,25,222,659,69.0,68.0,30.0
2004,CHW,865,126.32941176470592,4053,3023.0,1030.0,936,284,19,242,499,63.0,78.0,51.0
2004,CHC,789,50.329411764705924,4120,3040.0,1080.0,936,308,29,235,489,38.0,66.0,28.0
2004,CIN,750,11.329411764705926,4138,2803.0,1335.0,871,287,28,194,599,81.0,77.0,25.0
2004,CLE,858,119.32941176470592,4111,3102.0,1009.0,1007,345,29,184,606,78.0,94.0,55.0
2004,COL,833,94.32941176470592,4046,2865.0,1181.0,964,331,34,202,568,54.0,44.0,33.0
2004,DET,827,88.32941176470592,4092,2948.0,1144.0,992,284,54,201,518,50.0,86.0,50.0
2004,FLA,718,-20.670588235294076,4039,3071.0,968.0,992,275,32,148,499,58.0,96.0,43.0
2004,HOU,803,64.32941176470592,4010,3011.0,999.0,941,294,36,187,590,61.0,89.0,30.0
2004,KCR,720,-18.670588235294076,4106,3049.0,1057.0,992,261,29,150,461,76.0,67.0,48.0
2004,LAD,761,22.329411764705924,4092,3000.0,1092.0,991,226,30,203,536,62.0,102.0,41.0
2004,MIL,634,-104.67058823529408,4125,2813.0,1312.0,896,295,32,135,540,68.0,138.0,40.0
2004,MIN,780,41.32941176470592,4129,3147.0,982.0,969,310,24,191,513,64.0,116.0,46.0
2004,WSN,635,-103.67058823529408,4113,3188.0,925.0,907,276,27,151,496,35.0,109.0,38.0
2004,NYY,897,158.3294117647059,4044,3062.0,982.0,940,281,20,242,670,80.0,84.0,33.0
2004,NYM,684,-54.670588235294076,4156,2997.0,1159.0,882,289,20,185,512,61.0,107.0,23.0
2004,OAK,793,54.329411764705924,4183,3122.0,1061.0,1005,336,15,189,608,55.0,47.0,22.0
2004,PHI,840,101.32941176470592,4138,3005.0,1133.0,964,303,23,215,645,58.0,100.0,27.0
2004,PIT,680,-58.670588235294076,4055,2989.0,1066.0,980,267,39,142,415,95.0,63.0,40.0
2004,SDP,768,29.329411764705924,4052,3142.0,910.0,1046,304,32,139,566,56.0,52.0,25.0
2004,SEA,698,-40.67058823529408,4178,3120.0,1058.0,1112,276,20,136,492,54.0,110.0,42.0
2004,SFG,850,111.32941176470592,4046,3172.0,874.0,970,314,33,183,705,72.0,43.0,23.0
2004,STL,855,116.32941176470592,4011,2926.0,1085.0,987,319,24,214,548,51.0,111.0,47.0
2004,TBD,714,-24.67058823529408,4067,3123.0,944.0,947,278,46,145,469,55.0,132.0,42.0
2004,TEX,860,121.32941176470592,4123,3024.0,1099.0,908,323,34,227,500,61.0,69.0,36.0
2004,TOR,719,-19.670588235294076,4093,3010.0,1083.0,969,290,34,145,513,71.0,58.0,31.0
2005,ARI,696,-42.67058823529408,4131,3037.0,1094.0,910,291,27,191,606,55.0,67.0,26.0
2005,ATL,769,30.329411764705924,4033,2949.0,1084.0,924,308,37,184,534,45.0,92.0,32.0
2005,BAL,729,-9.670588235294076,4059,3157.0,902.0,980,296,27,189,447,54.0,83.0,37.0
2005,BOS,910,171.3294117647059,4047,3003.0,1044.0,1020,339,21,199,653,47.0,45.0,12.0
2005,CHW,741,2.329411764705924,4079,3077.0,1002.0,974,253,23,200,435,79.0,137.0,67.0
2005,CHC,703,-35.67058823529408,4078,3158.0,920.0,966,323,23,194,419,50.0,65.0,39.0
2005,CIN,820,81.32941176470592,4112,2809.0,1303.0,881,335,15,222,611,62.0,72.0,23.0
2005,CLE,790,51.329411764705924,4087,2994.0,1093.0,948,337,30,207,503,54.0,62.0,36.0
2005,COL,740,1.3294117647059238,4065,2962.0,1103.0,1013,280,34,150,509,64.0,65.0,32.0
2005,DET,723,-15.670588235294074,4081,3043.0,1038.0,1025,283,45,168,384,53.0,66.0,28.0
2005,FLA,717,-21.67058823529408,4003,3085.0,918.0,1033,306,32,128,512,67.0,96.0,38.0
2005,HOU,693,-45.670588235294076,4062,3025.0,1037.0,926,281,32,161,481,72.0,115.0,44.0
2005,KCR,701,-37.67058823529408,4058,3050.0,1008.0,996,289,34,126,424,63.0,53.0,33.0
2005,ANA,761,22.329411764705924,4104,3256.0,848.0,1065,278,30,147,447,29.0,161.0,57.0
2005,LAD,685,-53.670588235294076,4059,2965.0,1094.0,920,284,21,149,541,67.0,58.0,35.0
2005,MIL,726,-12.670588235294074,4035,2873.0,1162.0,892,327,19,175,531,73.0,79.0,34.0
2005,MIN,688,-50.670588235294076,4123,3145.0,978.0,1006,269,32,134,485,59.0,102.0,44.0
2005,NYY,886,147.3294117647059,4072,3083.0,989.0,1048,259,16,229,637,73.0,84.0,27.0
2005,NYM,722,-16.670588235294076,4084,3009.0,1075.0,935,279,32,175,486,48.0,153.0,40.0
2005,OAK,772,33.329411764705924,4151,3332.0,819.0,991,310,20,155,537,52.0,31.0,22.0
2005,PHI,807,68.32941176470592,4048,2965.0,1083.0,1010,282,35,167,639,56.0,116.0,27.0
2005,PIT,680,-58.670588235294076,4128,3036.0,1092.0,976,292,38,139,471,72.0,73.0,30.0
2005,SDP,684,-54.670588235294076,4086,3109.0,977.0,978,269,39,130,600,49.0,99.0,44.0
2005,SEA,699,-39.67058823529408,4099,3113.0,986.0,955,289,34,130,466,48.0,102.0,47.0
2005,SFG,649,-89.67058823529408,4035,3134.0,901.0,974,299,26,128,431,49.0,71.0,35.0
2005,STL,805,66.32941176470592,4044,3097.0,947.0,1011,287,26,170,534,62.0,83.0,36.0
2005,TBD,750,11.329411764705926,4033,3043.0,990.0,1033,289,40,157,412,69.0,151.0,49.0
2005,TEX,865,126.32941176470592,4188,3076.0,1112.0,928,311,29,260,495,48.0,67.0,15.0
2005,TOR,775,36.32941176470592,4101,3146.0,955.0,998,307,39,136,486,89.0,72.0,35.0
2005,WSN,639,-99.67058823529408,4059,2969.0,1090.0,907,311,32,117,491,89.0,45.0,45.0
2006,ARI,773,34.329411764705924,4139,3174.0,965.0,977,331,38,160,504,67.0,76.0,30.0
2006,ATL,849,110.32941176470592,4073,2904.0,1169.0,950,312,26,222,526,52.0,52.0,35.0
2006,BAL,768,29.329411764705924,4054,3176.0,878.0,1084,288,20,164,474,73.0,121.0,32.0
2006,BOS,820,81.32941176470592,4109,3053.0,1056.0,975,327,16,192,672,66.0,51.0,23.0
2006,CHW,868,129.32941176470592,4071,3015.0,1056.0,1039,291,20,236,502,58.0,93.0,48.0
2006,CHC,716,-22.67058823529408,4091,3163.0,928.0,1013,271,46,166,395,43.0,121.0,49.0
2006,CIN,749,10.329411764705924,4096,2904.0,1192.0,899,291,12,217,614,59.0,124.0,33.0
2006,CLE,870,131.32941176470592,4043,2839.0,1204.0,1002,351,27,196,556,54.0,55.0,23.0
2006,COL,813,74.32941176470592,4058,2950.0,1108.0,968,325,54,157,561,60.0,85.0,50.0
2006,DET,822,83.32941176470592,4094,2961.0,1133.0,1011,294,40,203,430,45.0,60.0,40.0
2006,FLA,758,19.329411764705924,4048,2799.0,1249.0,921,309,42,182,497,74.0,110.0,58.0
2006,HOU,735,-3.670588235294076,4114,3038.0,1076.0,931,275,27,174,585,73.0,79.0,36.0
2006,KCR,757,18.329411764705924,4074,3034.0,1040.0,1019,335,37,124,474,64.0,65.0,34.0
2006,ANA,766,27.329411764705924,4070,3156.0,914.0,1042,309,29,159,486,42.0,148.0,57.0
2006,LAD,820,81.32941176470592,4076,3117.0,959.0,1034,307,58,153,601,51.0,128.0,49.0
2006,MIL,730,-8.670588235294076,4033,2800.0,1233.0,899,301,20,180,502,82.0,71.0,37.0
2006,MIN,801,62.329411764705924,3994,3122.0,872.0,1156,275,34,143,490,50.0,101.0,42.0
2006,NYY,930,191.32941176470592,4043,2990.0,1053.0,1050,327,21,210,649,72.0,139.0,35.0
2006,NYM,834,95.32941176470592,4089,3018.0,1071.0,905,323,41,200,547,62.0,146.0,35.0
2006,OAK,771,32.329411764705924,4071,3095.0,976.0,966,266,22,175,650,50.0,61.0,20.0
2006,PHI,865,126.32941176470592,4169,2966.0,1203.0,967,294,41,216,626,95.0,92.0,25.0
2006,PIT,691,-47.670588235294076,4096,2896.0,1200.0,1018,286,17,141,459,89.0,68.0,23.0
2006,SDP,731,-7.670588235294076,4111,3007.0,1104.0,968,298,38,161,564,40.0,123.0,31.0
2006,SEA,756,17.329411764705924,4130,3156.0,974.0,1060,266,42,172,404,63.0,106.0,37.0
2006,SFG,746,7.329411764705924,4054,3163.0,891.0,906,297,52,163,494,53.0,58.0,25.0
2006,STL,781,42.32941176470592,4038,3116.0,922.0,981,292,27,184,531,61.0,59.0,32.0
2006,TBD,689,-49.670588235294076,4079,2973.0,1106.0,905,267,33,190,441,47.0,134.0,52.0
2006,TEX,835,96.32941176470592,4088,3027.0,1061.0,1008,357,23,183,505,40.0,53.0,24.0
2006,TOR,809,70.32941176470592,4005,3099.0,906.0,1017,348,27,199,514,63.0,65.0,33.0
2006,WSN,746,7.329411764705924,4058,2902.0,1156.0,929,322,22,164,594,69.0,123.0,62.0
2007,ARI,712,-26.67058823529408,4048,2937.0,1111.0,853,286,40,171,532,57.0,109.0,24.0
2007,ATL,810,71.32941176470592,4127,2978.0,1149.0,1031,328,27,176,534,49.0,64.0,30.0
2007,BAL,756,17.329411764705924,4102,3163.0,939.0,1051,306,30,142,500,47.0,144.0,42.0
2007,BOS,867,128.32941176470592,4028,2986.0,1042.0,1008,352,35,166,689,64.0,96.0,24.0
2007,CHW,693,-45.670588235294076,4100,2951.0,1149.0,882,249,20,190,532,52.0,78.0,45.0
2007,CHC,752,13.329411764705926,4113,3059.0,1054.0,1011,340,28,151,500,40.0,86.0,33.0
2007,CIN,783,44.329411764705924,4111,2998.0,1113.0,976,293,23,204,536,66.0,97.0,31.0
2007,CLE,811,72.32941176470592,4100,2898.0,1202.0,994,305,27,178,590,80.0,72.0,41.0
2007,COL,860,121.32941176470592,4100,2948.0,1152.0,1071,313,36,171,622,58.0,100.0,31.0
2007,DET,887,148.3294117647059,4105,3051.0,1054.0,1073,352,50,177,474,56.0,103.0,30.0
2007,FLA,790,51.329411764705924,4123,2791.0,1332.0,925,340,38,201,521,82.0,105.0,34.0
2007,HOU,723,-15.670588235294074,4148,3105.0,1043.0,967,293,30,167,547,55.0,65.0,33.0
2007,KCR,706,-32.67058823529408,4087,3018.0,1069.0,999,300,46,102,428,89.0,78.0,44.0
2007,ANA,822,83.32941176470592,3976,3093.0,883.0,1108,324,23,123,507,40.0,139.0,55.0
2007,LAD,735,-3.670588235294076,4070,3206.0,864.0,1104,276,35,129,511,41.0,137.0,50.0
2007,MIL,801,62.329411764705924,4099,2962.0,1137.0,877,310,37,231,501,76.0,96.0,32.0
2007,MIN,718,-20.670588235294076,4062,3223.0,839.0,1033,273,36,118,512,48.0,112.0,30.0
2007,NYY,968,229.32941176470592,4061,3070.0,991.0,1097,326,32,201,637,78.0,123.0,40.0
2007,NYM,804,65.32941176470592,4062,3081.0,981.0,1045,294,27,177,549,54.0,200.0,46.0
2007,OAK,741,2.329411764705924,4147,3028.0,1119.0,948,295,16,171,664,49.0,52.0,20.0
2007,PHI,892,153.3294117647059,4130,2925.0,1205.0,978,326,41,213,641,90.0,138.0,19.0
2007,PIT,724,-14.670588235294074,4106,2971.0,1135.0,962,322,31,148,463,71.0,68.0,30.0
2007,SDP,741,2.329411764705924,4204,2975.0,1229.0,884,322,31,171,557,49.0,55.0,24.0
2007,SEA,794,55.329411764705924,4055,3194.0,861.0,1170,284,22,153,389,62.0,81.0,30.0
2007,SFG,683,-55.670588235294076,4131,3224.0,907.0,972,267,37,131,532,39.0,119.0,33.0
2007,STL,725,-13.670588235294074,4016,3107.0,909.0,1080,279,13,141,506,54.0,56.0,33.0
2007,TBD,782,43.329411764705924,4093,2769.0,1324.0,986,291,36,187,545,53.0,131.0,48.0
2007,TEX,816,77.32941176470592,4095,2871.0,1224.0,947,298,36,179,503,56.0,88.0,25.0
2007,TOR,753,14.329411764705926,4102,3058.0,1044.0,901,344,24,165,533,47.0,57.0,22.0
2007,WSN,673,-65.67058823529408,4105,2977.0,1128.0,952,309,31,123,524,53.0,69.0,23.0
2008,ARI,720,-18.670588235294076,4054,2767.0,1287.0,831,318,47,159,587,49.0,58.0,23.0
2008,ATL,753,14.329411764705926,4090,3067.0,1023.0,1035,316,33,130,618,42.0,58.0,27.0
2008,BAL,782,43.329411764705924,4073,3083.0,990.0,962,322,30,172,533,42.0,81.0,37.0
2008,BOS,845,106.32941176470592,4031,2963.0,1068.0,1006,353,33,173,646,70.0,120.0,35.0
2008,CHW,811,72.32941176470592,4095,3079.0,1016.0,914,296,13,235,540,63.0,67.0,34.0
2008,CHC,855,116.32941176470592,4036,2850.0,1186.0,1018,329,21,184,636,50.0,87.0,34.0
2008,CIN,704,-34.67058823529408,4114,2989.0,1125.0,871,269,24,187,560,50.0,85.0,47.0
2008,CLE,805,66.32941176470592,4088,2875.0,1213.0,923,339,22,171,560,103.0,77.0,29.0
2008,COL,747,8.329411764705924,4095,2886.0,1209.0,964,310,28,160,570,57.0,141.0,37.0
2008,DET,821,82.32941176470592,4112,3036.0,1076.0,995,293,41,200,572,44.0,63.0,31.0
2008,FLA,770,31.329411764705924,4102,2731.0,1371.0,859,302,28,208,543,69.0,76.0,28.0
2008,HOU,712,-26.67058823529408,4019,2968.0,1051.0,959,284,22,167,449,52.0,114.0,52.0
2008,KCR,691,-47.670588235294076,4101,3096.0,1005.0,1056,303,28,120,392,50.0,79.0,38.0
2008,ANA,765,26.329411764705924,4054,3067.0,987.0,1028,274,25,159,481,52.0,129.0,48.0
2008,LAD,700,-38.67058823529408,4051,3019.0,1032.0,1018,271,29,137,543,43.0,126.0,43.0
2008,MIL,750,11.329411764705926,4137,2934.0,1203.0,841,324,35,198,550,69.0,108.0,38.0
2008,MIN,829,90.32941176470592,4069,3090.0,979.0,1114,298,49,111,529,36.0,102.0,42.0
2008,NYY,789,50.329411764705924,4060,3045.0,1015.0,1023,289,20,180,535,80.0,118.0,39.0
2008,NYM,799,60.329411764705924,4115,3091.0,1024.0,1007,274,38,172,619,39.0,138.0,36.0
2008,OAK,646,-92.67058823529408,4133,2907.0,1226.0,900,270,23,125,574,48.0,88.0,21.0
2008,PHI,799,60.329411764705924,4102,2985.0,1117.0,866,291,36,214,586,67.0,136.0,25.0
2008,PIT,735,-3.670588235294076,4174,3135.0,1039.0,966,314,21,153,474,59.0,57.0,19.0
2008,SDP,637,-101.67058823529408,4178,2919.0,1259.0,945,264,27,154,518,53.0,36.0,17.0
2008,SEA,671,-67.67058823529408,4145,3255.0,890.0,1069,285,20,124,417,38.0,90.0,32.0
2008,SFG,640,-98.67058823529408,4091,3047.0,1044.0,1010,311,37,94,452,48.0,108.0,46.0
2008,STL,779,40.32941176470592,4051,3066.0,985.0,1102,283,26,174,577,42.0,73.0,32.0
2008,TBD,774,35.32941176470592,4098,2874.0,1224.0,942,284,37,180,626,68.0,142.0,50.0
2008,TEX,901,162.3294117647059,4109,2902.0,1207.0,1014,376,35,194,595,63.0,81.0,25.0
2008,TOR,714,-24.67058823529408,4050,3112.0,938.0,992,303,32,126,521,59.0,80.0,27.0
2008,WSN,641,-97.67058823529408,4115,3020.0,1095.0,964,269,26,117,534,67.0,81.0,43.0
2009,ARI,720,-18.670588235294076,4157,2859.0,1298.0,883,307,45,173,571,37.0,102.0,40.0
2009,ATL,735,-3.670588235294076,4080,3016.0,1064.0,990,300,20,149,602,52.0,58.0,26.0
2009,BAL,741,2.329411764705924,4110,3097.0,1013.0,1022,307,19,160,517,39.0,76.0,37.0
2009,BOS,872,133.32941176470592,4048,2928.0,1120.0,923,335,25,212,659,70.0,126.0,39.0
2009,CHW,724,-14.670588235294074,4053,3031.0,1022.0,960,246,20,184,534,62.0,113.0,49.0
2009,CHC,707,-31.67058823529408,4088,2903.0,1185.0,915,293,29,161,592,59.0,56.0,34.0
2009,CIN,673,-65.67058823529408,4113,2984.0,1129.0,886,280,25,158,531,53.0,96.0,40.0
2009,CLE,773,34.329411764705924,4100,2889.0,1211.0,965,314,28,161,582,81.0,84.0,31.0
2009,COL,804,65.32941176470592,3990,2713.0,1277.0,868,300,50,190,660,47.0,106.0,55.0
2009,DET,743,4.329411764705924,4097,2983.0,1114.0,980,245,35,183,540,61.0,72.0,33.0
2009,FLA,772,33.329411764705924,4079,2853.0,1226.0,1013,296,25,159,568,63.0,75.0,35.0
2009,HOU,643,-95.67058823529408,4021,3031.0,990.0,971,270,32,142,448,43.0,113.0,44.0
2009,KCR,686,-52.670588235294076,4100,3009.0,1091.0,961,276,51,144,457,42.0,88.0,29.0
2009,ANA,883,144.3294117647059,4018,2964.0,1054.0,1105,293,33,173,547,41.0,148.0,63.0
2009,LAD,780,41.32941176470592,4081,3013.0,1068.0,1049,278,39,145,607,63.0,116.0,48.0
2009,MIL,785,46.329411764705924,4063,2832.0,1231.0,947,281,37,182,610,71.0,68.0,37.0
2009,MIN,817,78.32941176470592,4069,3048.0,1021.0,1056,271,40,172,585,45.0,85.0,32.0
2009,NYY,915,176.32941176470592,4056,3042.0,1014.0,1014,325,21,244,663,54.0,111.0,28.0
2009,NYM,671,-67.67058823529408,3981,3053.0,928.0,1033,295,49,95,526,36.0,122.0,44.0
2009,OAK,759,20.329411764705924,4120,3074.0,1046.0,1001,307,21,135,527,50.0,133.0,48.0
2009,PHI,820,81.32941176470592,4139,2984.0,1155.0,868,312,35,224,589,71.0,119.0,28.0
2009,PIT,636,-102.67058823529408,4053,2911.0,1142.0,916,289,34,125,499,46.0,90.0,32.0
2009,SDP,638,-100.67058823529408,4110,2928.0,1182.0,878,265,31,141,586,57.0,82.0,29.0
2009,SEA,640,-98.67058823529408,4113,3020.0,1093.0,971,280,19,160,421,49.0,89.0,33.0
2009,SFG,657,-81.67058823529408,4082,2924.0,1158.0,971,275,43,122,392,50.0,78.0,28.0
2009,STL,730,-8.670588235294076,4029,2988.0,1041.0,953,294,29,160,528,61.0,75.0,31.0
2009,TBD,803,64.32941176470592,4028,2799.0,1229.0,902,297,36,199,642,49.0,194.0,61.0
2009,TEX,784,45.329411764705924,4090,2837.0,1253.0,889,296,27,224,472,37.0,149.0,36.0
2009,TOR,798,59.329411764705924,4180,3152.0,1028.0,955,339,13,209,548,45.0,73.0,23.0
2009,WSN,710,-28.67058823529408,4077,2869.0,1208.0,951,271,38,156,617,56.0,73.0,40.0
2010,ARI,713,-25.67058823529408,4107,2578.0,1529.0,851,301,34,180,589,39.0,86.0,41.0
2010,ATL,738,-0.6705882352940762,4052,2912.0,1140.0,935,312,25,139,634,51.0,63.0,29.0
2010,BAL,613,-125.67058823529408,4114,3058.0,1056.0,1022,264,21,133,424,54.0,76.0,34.0
2010,BOS,818,79.32941176470592,4135,2995.0,1140.0,920,358,22,211,587,47.0,68.0,17.0
2010,CHW,752,13.329411764705926,4017,3095.0,922.0,1006,263,21,177,467,79.0,160.0,74.0
2010,CHC,685,-53.670588235294076,4098,2862.0,1236.0,940,298,27,149,479,50.0,55.0,31.0
2010,CIN,790,51.329411764705924,4064,2846.0,1218.0,1004,293,30,188,522,68.0,93.0,43.0
2010,CLE,646,-92.67058823529408,4125,2941.0,1184.0,924,290,20,128,545,64.0,91.0,33.0
2010,COL,770,31.329411764705924,4078,2804.0,1274.0,955,270,54,173,585,47.0,99.0,41.0
2010,DET,751,12.329411764705926,4128,2981.0,1147.0,1023,308,32,152,546,41.0,69.0,30.0
2010,FLA,719,-19.670588235294076,4128,2753.0,1375.0,920,294,37,152,514,55.0,92.0,26.0
2010,HOU,611,-127.67058823529408,4104,3079.0,1025.0,963,252,25,108,415,33.0,100.0,36.0
2010,KCR,676,-62.670588235294076,4070,3165.0,905.0,1103,279,31,121,471,35.0,115.0,50.0
2010,ANA,681,-57.670588235294076,4125,3055.0,1070.0,913,276,19,155,466,52.0,104.0,52.0
2010,LAD,667,-71.67058823529408,4058,2874.0,1184.0,949,270,29,120,533,46.0,92.0,50.0
2010,MIL,750,11.329411764705926,4135,2919.0,1216.0,963,293,33,182,546,81.0,81.0,26.0
2010,MIN,781,42.32941176470592,4047,3080.0,967.0,1020,318,41,142,559,39.0,68.0,28.0
2010,NYY,859,120.32941176470592,4082,2946.0,1136.0,977,275,32,201,662,73.0,103.0,30.0
2010,NYM,656,-82.67058823529408,4104,3009.0,1095.0,927,266,40,128,502,46.0,130.0,44.0
2010,OAK,663,-75.67058823529408,4052,2991.0,1061.0,981,276,30,109,527,47.0,156.0,38.0
2010,PHI,772,33.329411764705924,4130,3066.0,1064.0,961,290,34,166,560,63.0,108.0,21.0
2010,PIT,587,-151.6705882352941,4083,2876.0,1207.0,874,276,27,126,463,33.0,87.0,36.0
2010,SDP,665,-73.67058823529408,4096,2913.0,1183.0,946,236,24,132,538,50.0,124.0,50.0
2010,SEA,513,-225.67058823529408,4135,2951.0,1184.0,930,227,16,101,459,39.0,142.0,39.0
2010,SFG,697,-41.67058823529408,4077,2978.0,1099.0,935,284,30,162,487,50.0,55.0,32.0
2010,STL,736,-2.670588235294076,4086,3059.0,1027.0,1003,285,18,150,541,50.0,79.0,41.0
2010,TBD,802,63.329411764705924,4096,2804.0,1292.0,851,295,37,160,672,57.0,172.0,47.0
2010,TEX,787,48.329411764705924,4079,3093.0,986.0,1101,268,25,162,511,45.0,123.0,48.0
2010,TOR,755,16.329411764705924,4131,2967.0,1164.0,767,319,21,257,471,55.0,58.0,20.0
2010,WSN,655,-83.67058823529408,4063,2843.0,1220.0,925,250,31,149,503,60.0,110.0,41.0
2011,ARI,731,-7.670588235294076,4064,2815.0,1249.0,855,293,37,172,531,61.0,133.0,55.0
2011,ATL,641,-97.67058823529408,4183,2923.0,1260.0,912,244,16,173,504,28.0,77.0,44.0
2011,BAL,708,-30.67058823529408,4151,3031.0,1120.0,957,273,13,191,452,52.0,81.0,25.0
2011,BOS,875,136.32941176470592,4110,3002.0,1108.0,1010,352,35,203,578,50.0,102.0,42.0
2011,CHW,654,-84.67058823529408,4115,3126.0,989.0,965,252,16,154,475,84.0,81.0,53.0
2011,CHC,654,-84.67058823529408,4126,2924.0,1202.0,954,285,36,148,425,59.0,69.0,23.0
2011,CIN,735,-3.670588235294076,4174,2924.0,1250.0,972,264,19,183,535,63.0,97.0,50.0
2011,CLE,704,-34.67058823529408,4129,2860.0,1269.0,910,290,26,154,494,65.0,89.0,42.0
2011,COL,735,-3.670588235294076,4115,2914.0,1201.0,952,274,40,163,555,57.0,118.0,42.0
2011,DET,787,48.329411764705924,4023,2880.0,1143.0,1040,297,34,169,521,39.0,49.0,20.0
2011,FLA,625,-113.67058823529408,4150,2906.0,1244.0,905,274,30,149,542,51.0,95.0,41.0
2011,HOU,615,-123.67058823529408,4156,2992.0,1164.0,1010,309,28,95,401,46.0,118.0,33.0
2011,KCR,730,-8.670588235294076,4112,3106.0,1006.0,1065,325,41,129,442,39.0,153.0,58.0
2011,ANA,667,-71.67058823529408,4119,3033.0,1086.0,916,289,34,155,442,51.0,135.0,52.0
2011,LAD,644,-94.67058823529408,4041,2954.0,1087.0,1013,237,28,117,498,45.0,126.0,40.0
2011,MIL,721,-17.670588235294076,4025,2942.0,1083.0,930,276,31,185,481,56.0,94.0,31.0
2011,MIN,619,-119.67058823529408,4130,3082.0,1048.0,970,259,25,103,440,37.0,92.0,39.0
2011,NYY,867,128.32941176470592,4066,2928.0,1138.0,930,267,33,222,627,74.0,147.0,46.0
2011,NYM,718,-20.670588235294076,4123,3038.0,1085.0,1021,309,39,108,571,51.0,130.0,35.0
2011,OAK,645,-93.67058823529408,4122,3028.0,1094.0,907,280,29,114,509,50.0,117.0,43.0
2011,PHI,713,-25.67058823529408,4170,3146.0,1024.0,960,258,38,153,539,56.0,96.0,24.0
2011,PIT,610,-128.67058823529408,4096,2788.0,1308.0,906,277,35,107,489,34.0,108.0,52.0
2011,SDP,593,-145.6705882352941,4133,2813.0,1320.0,904,247,42,91,501,48.0,170.0,44.0
2011,SEA,556,-182.67058823529408,4158,2878.0,1280.0,879,253,22,109,435,37.0,125.0,40.0
2011,SFG,570,-168.6705882352941,4159,3037.0,1122.0,900,282,24,121,448,52.0,85.0,51.0
2011,STL,762,23.329411764705924,4019,3041.0,978.0,1021,308,22,162,542,44.0,57.0,39.0
2011,TBD,707,-31.67058823529408,4112,2919.0,1193.0,842,273,37,172,571,73.0,155.0,62.0
2011,TEX,855,116.32941176470592,4060,3130.0,930.0,1047,310,32,210,475,39.0,143.0,45.0
2011,TOR,743,4.329411764705924,4175,2991.0,1184.0,879,285,34,186,525,48.0,131.0,52.0
2011,WSN,624,-114.67058823529408,4122,2799.0,1323.0,886,257,22,154,470,65.0,106.0,38.0
2012,ARI,734,-4.670588235294076,4046,2780.0,1266.0,911,307,33,165,539,41.0,93.0,51.0
2012,ATL,700,-38.67058823529408,4084,2795.0,1289.0,899,263,30,149,567,34.0,101.0,32.0
2012,BAL,712,-26.67058823529408,4185,2870.0,1315.0,875,270,16,214,480,50.0,58.0,29.0
2012,BOS,734,-4.670588235294076,4145,2948.0,1197.0,939,339,16,165,428,45.0,97.0,31.0
2012,CHW,748,9.329411764705924,4109,2906.0,1203.0,941,228,29,211,461,65.0,109.0,43.0
2012,CHC,613,-125.67058823529408,4114,2879.0,1235.0,859,265,36,137,447,43.0,94.0,45.0
2012,CIN,669,-69.67058823529408,4100,2834.0,1266.0,879,296,30,172,481,47.0,87.0,27.0
2012,CLE,667,-71.67058823529408,4140,3053.0,1087.0,959,266,24,136,555,59.0,110.0,44.0
2012,COL,758,19.329411764705924,4051,2838.0,1213.0,1002,306,52,166,450,36.0,100.0,40.0
2012,DET,726,-12.670588235294074,4009,2906.0,1103.0,986,279,39,163,511,57.0,59.0,23.0
2012,HOU,583,-155.6705882352941,4131,2766.0,1365.0,864,238,28,146,463,58.0,105.0,46.0
2012,KCR,676,-62.670588235294076,4144,3112.0,1032.0,1029,295,37,131,404,42.0,132.0,38.0
2012,ANA,767,28.329411764705924,4018,2905.0,1113.0,1036,273,22,187,449,47.0,134.0,33.0
2012,LAD,637,-101.67058823529408,4069,2913.0,1156.0,961,269,23,116,481,52.0,104.0,44.0
2012,FLA,609,-129.67058823529408,4110,2882.0,1228.0,890,261,39,137,484,35.0,149.0,41.0
2012,MIL,776,37.32941176470592,4115,2875.0,1240.0,901,300,39,202,466,90.0,158.0,39.0
2012,MIN,701,-37.67058823529408,4114,3045.0,1069.0,1017,270,30,131,505,53.0,135.0,37.0
2012,NYY,804,65.32941176470592,4062,2886.0,1176.0,924,280,13,245,565,62.0,93.0,27.0
2012,NYM,650,-88.67058823529408,4093,2843.0,1250.0,911,286,21,139,503,42.0,79.0,38.0
2012,OAK,713,-25.67058823529408,4212,2825.0,1387.0,821,267,32,195,550,45.0,122.0,32.0
2012,PHI,684,-54.670588235294076,4130,3036.0,1094.0,957,271,28,158,454,63.0,116.0,23.0
2012,PIT,651,-87.67058823529408,4099,2745.0,1354.0,865,241,37,170,444,51.0,73.0,52.0
2012,SDP,651,-87.67058823529408,4083,2845.0,1238.0,903,272,43,121,539,54.0,155.0,46.0
2012,SEA,619,-119.67058823529408,4209,2950.0,1259.0,868,241,27,149,466,30.0,104.0,35.0
2012,SFG,718,-20.670588235294076,4063,2966.0,1097.0,1048,287,57,103,483,29.0,118.0,39.0
2012,STL,765,26.329411764705924,4096,2904.0,1192.0,1040,290,37,159,533,53.0,91.0,37.0
2012,TBD,697,-41.67058823529408,4105,2782.0,1323.0,838,250,30,175,571,58.0,134.0,44.0
2012,TEX,808,69.32941176470592,4064,2961.0,1103.0,991,303,32,200,478,57.0,91.0,44.0
2012,TOR,716,-22.67058823529408,4141,2890.0,1251.0,879,247,22,198,473,55.0,123.0,41.0
2012,WSN,731,-7.670588235294076,4147,2822.0,1325.0,948,301,25,194,479,41.0,105.0,35.0
2013,ARI,685,-53.670588235294076,4208,3066.0,1142.0,1005,302,31,130,519,43.0,62.0,41.0
2013,ATL,688,-50.670588235294076,4087,2703.0,1384.0,905,247,21,181,542,55.0,64.0,31.0
2013,BAL,745,6.329411764705924,4160,3035.0,1125.0,936,298,14,212,416,36.0,79.0,29.0
2013,BOS,853,114.32941176470592,4085,2777.0,1308.0,996,363,29,178,581,72.0,123.0,19.0
2013,CHW,598,-140.67058823529408,4178,2971.0,1207.0,981,237,19,148,411,34.0,105.0,42.0
2013,CHC,602,-136.67058823529408,4191,2961.0,1230.0,820,297,18,172,439,67.0,63.0,32.0
2013,CIN,698,-40.67058823529408,4129,2884.0,1245.0,921,274,20,155,585,76.0,67.0,35.0
2013,CLE,745,6.329411764705924,4074,2791.0,1283.0,907,290,23,171,562,51.0,117.0,36.0
2013,COL,706,-32.67058823529408,4088,2884.0,1204.0,1033,283,36,159,427,26.0,112.0,32.0
2013,DET,796,57.329411764705924,4110,3037.0,1073.0,1134,292,23,176,531,43.0,35.0,20.0
2013,HOU,610,-128.67058823529408,4150,2615.0,1535.0,877,266,16,148,426,52.0,110.0,61.0
2013,KCR,648,-90.67058823529408,4106,3058.0,1048.0,1043,254,34,112,422,42.0,153.0,32.0
2013,ANA,733,-5.670588235294076,4112,2891.0,1221.0,1003,270,39,164,523,48.0,82.0,34.0
2013,LAD,649,-89.67058823529408,4044,2898.0,1146.0,1011,281,17,138,476,57.0,78.0,28.0
2013,FLA,513,-225.67058823529408,4192,2960.0,1232.0,912,219,31,95,432,56.0,78.0,29.0
2013,MIL,640,-98.67058823529408,4093,2910.0,1183.0,943,238,43,157,407,71.0,142.0,50.0
2013,MIN,614,-124.67058823529408,4218,2788.0,1430.0,895,285,15,151,533,52.0,52.0,33.0
2013,NYY,650,-88.67058823529408,4128,2914.0,1214.0,906,247,24,144,466,57.0,115.0,31.0
2013,NYM,619,-119.67058823529408,4241,2857.0,1384.0,893,263,32,130,512,51.0,114.0,35.0
2013,OAK,767,28.329411764705924,4118,2940.0,1178.0,891,301,25,186,573,45.0,74.0,28.0
2013,PHI,610,-128.67058823529408,4101,2896.0,1205.0,928,255,32,140,417,53.0,73.0,29.0
2013,PIT,634,-104.67058823529408,4140,2810.0,1330.0,877,273,35,161,469,88.0,94.0,42.0
2013,SDP,618,-120.67058823529408,4168,2859.0,1309.0,931,246,26,146,467,52.0,118.0,34.0
2013,SEA,624,-114.67058823529408,4240,2887.0,1353.0,864,249,17,188,529,31.0,49.0,23.0
2013,SFG,629,-109.67058823529408,4106,3028.0,1078.0,1024,280,35,107,469,39.0,67.0,26.0
2013,STL,783,44.329411764705924,4063,2953.0,1110.0,1027,322,20,125,481,64.0,45.0,22.0
2013,TBD,700,-38.67058823529408,4117,2946.0,1171.0,937,296,23,165,589,36.0,73.0,38.0
2013,TEX,730,-8.670588235294076,4120,3053.0,1067.0,1004,262,23,176,462,61.0,149.0,46.0
2013,TOR,712,-26.67058823529408,4139,3016.0,1123.0,916,273,24,185,510,38.0,112.0,41.0
2013,WSN,656,-82.67058823529408,4071,2879.0,1192.0,918,259,27,161,464,40.0,88.0,28.0
2014,ARI,615,-123.67058823529408,4173,3008.0,1165.0,955,259,47,118,398,43.0,86.0,33.0
2014,ATL,573,-165.6705882352941,4152,2783.0,1369.0,931,240,22,123,472,43.0,95.0,33.0
2014,BAL,705,-33.67058823529408,4162,2877.0,1285.0,943,264,16,211,401,62.0,44.0,20.0
2014,BOS,634,-104.67058823529408,4196,2859.0,1337.0,930,282,20,123,535,68.0,63.0,25.0
2014,CHW,660,-78.67058823529408,4143,2781.0,1362.0,934,279,32,155,417,60.0,85.0,36.0
2014,CHC,614,-124.67058823529408,4193,2716.0,1477.0,857,270,31,157,442,54.0,65.0,40.0
2014,CIN,595,-143.6705882352941,4113,2861.0,1252.0,877,254,20,131,415,52.0,122.0,52.0
2014,CLE,669,-69.67058823529408,4164,2975.0,1189.0,962,284,23,142,504,42.0,104.0,27.0
2014,COL,755,16.329411764705924,4061,2780.0,1281.0,1017,307,41,186,397,48.0,85.0,48.0
2014,DET,757,18.329411764705924,4073,2929.0,1144.0,1051,325,26,155,443,44.0,106.0,41.0
2014,HOU,629,-109.67058823529408,4130,2688.0,1442.0,895,240,19,163,495,55.0,122.0,37.0
2014,KCR,651,-87.67058823529408,4089,3104.0,985.0,1046,286,29,95,380,53.0,153.0,36.0
2014,ANA,773,34.329411764705924,4188,2922.0,1266.0,974,304,31,155,492,60.0,81.0,39.0
2014,LAD,718,-20.670588235294076,4084,2838.0,1246.0,1002,302,38,134,519,61.0,138.0,50.0
2014,FLA,645,-93.67058823529408,4139,2720.0,1419.0,987,254,36,122,501,35.0,58.0,21.0
2014,MIL,650,-88.67058823529408,4096,2899.0,1197.0,891,297,28,150,423,73.0,102.0,43.0
2014,MIN,715,-23.67058823529408,4155,2826.0,1329.0,941,316,27,128,544,53.0,99.0,36.0
2014,NYY,633,-105.67058823529408,4148,3015.0,1133.0,929,247,26,147,452,56.0,112.0,26.0
2014,NYM,629,-109.67058823529408,4166,2902.0,1264.0,887,275,19,125,516,54.0,101.0,34.0
2014,OAK,729,-9.670588235294076,4191,3087.0,1104.0,922,253,33,146,586,49.0,83.0,20.0
2014,PHI,619,-119.67058823529408,4247,2941.0,1306.0,953,251,27,125,443,55.0,109.0,26.0
2014,PIT,682,-56.670588235294076,4100,2856.0,1244.0,975,275,30,156,520,78.0,104.0,47.0
2014,SDP,535,-203.67058823529408,4095,2801.0,1294.0,836,224,30,109,468,41.0,91.0,34.0
2014,SEA,634,-104.67058823529408,4122,2890.0,1232.0,913,247,32,136,396,60.0,96.0,42.0
2014,SFG,665,-73.67058823529408,4116,2871.0,1245.0,976,257,42,132,427,43.0,56.0,27.0
2014,STL,619,-119.67058823529408,4055,2922.0,1133.0,970,275,21,105,471,86.0,57.0,32.0
2014,TBD,612,-126.67058823529408,4155,3031.0,1124.0,957,263,24,117,527,66.0,63.0,27.0
2014,TEX,637,-101.67058823529408,4060,2898.0,1162.0,1001,260,28,111,417,61.0,105.0,59.0
2014,TOR,723,-15.670588235294074,4114,2963.0,1151.0,952,282,24,177,502,41.0,78.0,21.0
2014,WSN,686,-52.670588235294076,4139,2835.0,1304.0,959,265,27,152,517,56.0,101.0,23.0
2015,ARI,720,-18.670588235294076,4155,2843.0,1312.0,1003,289,48,154,490,33.0,132.0,44.0
2015,ATL,573,-165.6705882352941,4059,2952.0,1107.0,992,251,18,100,471,44.0,69.0,33.0
2015,BAL,713,-25.67058823529408,4115,2784.0,1331.0,887,246,20,217,418,51.0,44.0,25.0
2015,BOS,748,9.329411764705924,4145,2997.0,1148.0,1007,294,33,161,478,46.0,71.0,27.0
2015,CHW,622,-116.67058823529408,4152,2921.0,1231.0,958,260,27,136,404,65.0,68.0,42.0
2015,CHC,689,-49.670588235294076,4150,2632.0,1518.0,868,272,30,171,567,74.0,95.0,37.0
2015,CIN,640,-98.67058823529408,4189,2934.0,1255.0,931,257,27,167,496,42.0,134.0,38.0
2015,CLE,669,-69.67058823529408,4044,2887.0,1157.0,922,303,29,141,533,39.0,86.0,28.0
2015,COL,737,-1.6705882352940762,4093,2810.0,1283.0,970,274,49,186,388,33.0,97.0,43.0
2015,DET,689,-49.670588235294076,4090,2831.0,1259.0,1026,289,49,151,455,41.0,83.0,51.0
2015,HOU,729,-9.670588235294076,4096,2704.0,1392.0,829,278,26,230,486,56.0,121.0,48.0
2015,KCR,724,-14.670588235294074,4078,3105.0,973.0,1016,300,42,139,383,77.0,104.0,34.0
2015,ANA,661,-77.67058823529408,4086,2936.0,1150.0,891,243,21,176,435,58.0,52.0,34.0
2015,LAD,667,-71.67058823529408,4039,2781.0,1258.0,870,263,26,187,563,60.0,59.0,34.0
2015,FLA,613,-125.67058823529408,4043,2893.0,1150.0,1024,236,40,120,375,39.0,112.0,45.0
2015,MIL,655,-83.67058823529408,4102,2803.0,1299.0,925,274,34,145,412,41.0,84.0,29.0
2015,MIN,696,-42.67058823529408,4118,2854.0,1264.0,872,277,44,156,439,40.0,70.0,38.0
2015,NYY,764,25.329411764705924,4170,2943.0,1227.0,894,272,19,212,554,63.0,63.0,25.0
2015,NYM,683,-55.670588235294076,4176,2886.0,1290.0,862,295,17,177,488,68.0,51.0,25.0
2015,OAK,694,-44.670588235294076,4195,3076.0,1119.0,936,277,46,146,475,40.0,78.0,29.0
2015,PHI,626,-112.67058823529408,4155,2881.0,1274.0,935,272,37,130,387,54.0,88.0,32.0
2015,PIT,697,-41.67058823529408,4169,2847.0,1322.0,1003,292,27,140,461,89.0,98.0,45.0
2015,SDP,650,-88.67058823529408,4133,2806.0,1327.0,880,260,36,148,426,40.0,82.0,29.0
2015,SEA,656,-82.67058823529408,4165,2829.0,1336.0,897,262,22,198,478,36.0,69.0,45.0
2015,SFG,696,-42.67058823529408,4079,2920.0,1159.0,1023,288,39,136,457,49.0,93.0,36.0
2015,STL,647,-91.67058823529408,4098,2831.0,1267.0,922,288,39,137,506,66.0,69.0,38.0
2015,TBD,644,-94.67058823529408,4102,2792.0,1310.0,906,278,32,167,436,84.0,87.0,45.0
2015,TEX,751,12.329411764705926,4092,2859.0,1233.0,936,279,32,172,503,76.0,101.0,39.0
2015,TOR,891,152.3294117647059,4029,2878.0,1151.0,923,308,17,232,570,54.0,88.0,23.0
2015,WSN,703,-35.67058823529408,4065,2721.0,1344.0,908,265,13,177,539,44.0,57.0,23.0
2016,ARI,752,13.329411764705926,4186,2759.0,1427.0,948,285,56,190,463,50.0,137.0,31.0
2016,ATL,649,-89.67058823529408,4110,2870.0,1240.0,960,295,27,122,502,59.0,75.0,34.0
2016,BAL,744,5.329411764705924,4111,2787.0,1324.0,889,265,6,253,468,44.0,19.0,13.0
2016,BOS,878,139.32941176470592,4072,2912.0,1160.0,1022,343,25,208,558,43.0,83.0,24.0
2016,CHW,686,-52.670588235294076,4122,2837.0,1285.0,950,277,33,168,455,53.0,77.0,36.0
2016,CHC,808,69.32941176470592,4094,2755.0,1339.0,887,293,30,199,656,96.0,66.0,34.0
2016,CIN,716,-22.67058823529408,4084,2800.0,1284.0,929,277,33,164,452,52.0,139.0,51.0
2016,CLE,777,38.32941176470592,4049,2803.0,1246.0,913,308,29,185,531,49.0,134.0,31.0
2016,COL,845,106.32941176470592,4070,2740.0,1330.0,975,318,47,204,494,40.0,66.0,39.0
2016,DET,750,11.329411764705926,4050,2747.0,1303.0,983,252,30,211,493,53.0,58.0,29.0
2016,HOU,724,-14.670588235294074,4178,2726.0,1452.0,849,291,29,198,554,47.0,102.0,44.0
2016,KCR,675,-63.670588235294076,4102,2878.0,1224.0,1006,264,33,147,382,45.0,121.0,35.0
2016,ANA,717,-21.67058823529408,4021,3030.0,991.0,955,279,20,156,471,51.0,73.0,34.0
2016,LAD,725,-13.670588235294074,4142,2821.0,1321.0,894,272,21,189,525,58.0,45.0,26.0
2016,FLA,655,-83.67058823529408,4087,2874.0,1213.0,1031,259,42,128,447,54.0,71.0,28.0
2016,MIL,671,-67.67058823529408,4031,2488.0,1543.0,837,249,19,194,599,37.0,181.0,56.0
2016,MIN,722,-16.670588235294076,4209,2783.0,1426.0,886,288,35,200,513,44.0,91.0,32.0
2016,NYY,680,-58.670588235294076,4080,2892.0,1188.0,930,245,20,183,475,42.0,72.0,22.0
2016,NYM,671,-67.67058823529408,4117,2815.0,1302.0,865,240,19,218,517,62.0,42.0,18.0
2016,OAK,653,-85.67058823529408,4148,3003.0,1145.0,892,270,21,169,442,33.0,50.0,23.0
2016,PHI,610,-128.67058823529408,4129,2753.0,1376.0,878,231,35,161,424,58.0,96.0,45.0
2016,PIT,729,-9.670588235294076,4116,2782.0,1334.0,964,277,32,153,561,81.0,110.0,45.0
2016,SDP,686,-52.670588235294076,4144,2644.0,1500.0,815,257,26,177,449,58.0,125.0,45.0
2016,SEA,768,29.329411764705924,4137,2849.0,1288.0,955,251,17,223,506,72.0,56.0,28.0
2016,SFG,715,-23.67058823529408,4128,3021.0,1107.0,973,280,54,130,572,42.0,79.0,36.0
2016,STL,779,40.32941176470592,4133,2815.0,1318.0,859,299,32,225,526,70.0,35.0,26.0
2016,TBD,672,-66.67058823529408,4148,2666.0,1482.0,797,288,32,216,449,69.0,60.0,37.0
2016,TEX,765,26.329411764705924,4079,2859.0,1220.0,951,257,23,215,436,70.0,99.0,36.0
2016,TOR,759,20.329411764705924,4121,2759.0,1362.0,843,276,18,221,632,55.0,54.0,24.0
2016,WSN,763,24.329411764705924,4087,2835.0,1252.0,903,268,29,203,536,64.0,121.0,39.0
